IDCliente,FechaNacimiento,Edad,Artículos,Importe,FechaCompra
C0001,08-12-84,39,14,803.89,05-08-23
C0002,12-08-86,37,19,136.35,18-08-23
C0003,16-04-90,33,14,287.17,04-08-23
C0004,02-12-96,27,7,672.57,16-08-23
C0005,14-05-84,39,13,170.12,02-08-23
C0006,18-04-87,36,9,671.67,06-08-23
C0007,27-11-90,33,2,23.54,09-08-23
C0008,06-03-81,42,7,826.16,02-08-23
C0009,28-04-80,43,19,682.46,30-08-23
C0010,04-01-87,36,14,556.82,21-08-23
C0011,04-12-90,33,9,130.37,11-08-23
C0012,20-10-77,46,15,919.30,03-08-23
C0013,21-02-00,23,16,277.13,01-08-23
C0014,16-05-99,24,16,633.60,31-08-23
C0015,13-03-94,29,12,272.51,26-08-23
C0016,18-04-80,43,8,685.63,18-08-23
C0017,03-03-80,43,15,14.67,09-08-23
C0018,04-04-81,42,11,801.83,25-08-23
C0019,12-06-88,35,11,199.58,24-08-23
C0020,21-01-94,29,19,639.48,10-08-23
C0021,01-07-79,44,4,114.86,08-08-23
C0022,13-12-75,48,12,37.25,26-08-23
C0023,30-10-87,36,4,797.15,12-08-23
C0024,02-07-79,44,10,253.92,13-08-23
C0025,29-08-86,37,2,348.24,04-08-23
C0026,29-09-84,39,11,283.16,13-08-23
C0027,15-04-89,34,13,372.10,06-08-23
C0028,26-03-78,45,10,404.10,28-08-23
C0029,21-06-86,37,14,361.83,05-08-23
C0030,14-03-97,26,19,19.15,16-08-23
C0031,21-10-93,30,6,182.14,09-08-23
C0032,28-09-70,53,15,915.89,14-08-23
C0033,22-05-89,34,7,812.54,05-08-23
C0034,28-11-93,30,6,537.13,31-08-23
C0035,19-09-70,53,11,484.54,19-08-23
C0036,03-02-84,39,12,506.02,06-08-23
C0037,10-12-80,43,12,10.32,26-08-23
C0038,24-11-88,35,10,740.80,31-08-23
C0039,16-04-81,42,1,6.17,11-08-23
C0040,09-05-99,24,9,355.16,09-08-23
C0041,24-06-86,37,10,920.04,26-08-23
C0042,25-03-85,38,14,482.25,14-08-23
C0043,26-09-91,32,17,493.09,08-08-23
C0044,12-06-85,38,7,240.36,12-08-23
C0045,25-10-77,46,13,308.78,31-08-23
C0046,09-03-00,23,19,835.91,05-08-23
C0047,07-04-78,45,6,232.64,24-08-23
C0048,08-12-76,47,9,570.28,16-08-23
C0049,19-01-79,44,7,723.58,29-08-23
C0050,07-09-74,49,9,234.14,29-08-23
C0051,12-04-76,47,12,393.87,07-08-23
C0052,17-11-98,25,20,131.16,19-08-23
C0053,16-09-71,52,16,575.01,19-08-23
C0054,15-06-92,31,13,792.25,27-08-23
C0055,28-08-73,50,18,495.79,17-08-23
C0056,16-09-70,53,6,870.81,13-08-23
C0057,23-12-89,34,8,574.29,12-08-23
C0058,25-07-85,38,20,566.11,07-08-23
C0059,18-04-87,36,19,505.14,09-08-23
C0060,21-02-99,24,11,791.78,30-08-23
C0061,16-03-76,47,16,251.98,25-08-23
C0062,21-05-91,32,7,797.64,19-08-23
C0063,11-05-71,52,9,582.18,30-08-23
C0064,10-04-77,46,20,705.03,03-08-23
C0065,03-09-78,45,1,705.98,19-08-23
C0066,12-07-80,43,8,921.66,21-08-23
C0067,19-12-92,31,6,768.40,02-08-23
C0068,09-11-77,46,8,82.70,14-08-23
C0069,09-02-80,43,3,351.98,15-08-23
C0070,22-10-92,31,20,748.57,06-08-23
C0071,18-09-76,47,7,931.64,07-08-23
C0072,28-03-73,50,8,591.35,19-08-23
C0073,12-04-00,23,10,370.21,04-08-23
C0074,17-02-72,51,4,210.81,08-08-23
C0075,19-08-91,32,16,633.49,01-08-23
C0076,07-08-82,41,15,675.38,24-08-23
C0077,08-12-84,39,6,409.42,15-08-23
C0078,05-07-89,34,18,86.90,26-08-23
C0079,03-02-74,49,3,56.39,08-08-23
C0080,09-04-94,29,4,257.98,30-08-23
C0081,05-04-98,25,7,145.48,23-08-23
C0082,14-08-85,38,17,168.61,29-08-23
C0083,16-06-90,33,10,769.13,06-08-23
C0084,22-03-93,30,2,423.23,28-08-23
C0085,02-01-97,26,17,130.55,20-08-23
C0086,27-02-71,52,2,967.54,01-08-23
C0087,25-06-86,37,12,184.04,19-08-23
C0088,29-04-74,49,10,337.06,14-08-23
C0089,06-07-90,33,7,294.58,26-08-23
C0090,30-07-82,41,20,198.91,25-08-23
C0091,16-01-95,28,8,779.81,23-08-23
C0092,17-07-93,30,5,52.03,11-08-23
C0093,10-09-70,53,11,206.02,01-08-23
C0094,13-02-95,28,6,499.24,05-08-23
C0095,11-04-96,27,6,784.49,25-08-23
C0096,16-03-95,28,14,488.33,24-08-23
C0097,03-09-87,36,8,12.92,20-08-23
C0098,06-01-88,35,16,530.59,15-08-23
C0099,26-08-77,46,14,265.12,29-08-23
C0100,06-08-73,50,6,36.22,02-08-23
C0101,26-08-82,41,16,413.70,13-08-23
C0102,05-07-87,36,15,921.68,20-08-23
C0103,11-01-90,33,3,637.44,14-08-23
C0104,22-09-81,42,6,869.36,03-08-23
C0105,08-07-85,38,6,709.69,12-08-23
C0106,02-02-90,33,6,901.96,02-08-23
C0107,26-10-82,41,8,826.03,22-08-23
C0108,31-03-79,44,5,630.39,12-08-23
C0109,05-05-91,32,10,159.90,19-08-23
C0110,17-06-99,24,10,21.82,17-08-23
C0111,23-01-70,53,17,755.89,11-08-23
C0112,22-06-80,43,1,865.11,18-08-23
C0113,23-07-74,49,15,813.93,20-08-23
C0114,31-01-93,30,17,801.58,15-08-23
C0115,31-01-95,28,14,276.27,28-08-23
C0116,09-08-90,33,11,140.84,31-08-23
C0117,19-08-83,40,5,219.66,22-08-23
C0118,01-04-83,40,6,643.33,23-08-23
C0119,26-04-88,35,5,694.43,23-08-23
C0120,03-08-78,45,18,364.94,07-08-23
C0121,26-11-89,34,19,984.46,08-08-23
C0122,10-08-93,30,11,87.68,30-08-23
C0123,29-05-71,52,14,857.32,20-08-23
C0124,14-11-95,28,10,178.25,30-08-23
C0125,22-09-72,51,12,282.37,28-08-23
C0126,12-12-78,45,8,641.51,14-08-23
C0127,15-10-99,24,19,991.28,06-08-23
C0128,22-09-99,24,11,792.45,21-08-23
C0129,20-08-75,48,11,997.36,27-08-23
C0130,03-09-73,50,4,380.57,18-08-23
C0131,18-03-97,26,13,711.16,18-08-23
C0132,17-03-74,49,17,792.50,31-08-23
C0133,05-01-87,36,15,242.38,12-08-23
C0134,01-03-70,53,5,576.17,21-08-23
C0135,28-12-97,26,15,817.69,31-08-23
C0136,11-12-71,52,1,457.90,03-08-23
C0137,18-04-79,44,17,901.19,01-08-23
C0138,25-12-72,51,4,237.62,30-08-23
C0139,01-05-77,46,8,449.54,14-08-23
C0140,06-01-99,24,2,256.11,09-08-23
C0141,20-12-73,50,6,436.85,30-08-23
C0142,28-09-86,37,3,814.53,01-08-23
C0143,28-10-94,29,4,663.33,08-08-23
C0144,03-11-87,36,17,306.11,03-08-23
C0145,13-08-74,49,14,179.10,30-08-23
C0146,04-03-92,31,3,789.78,24-08-23
C0147,07-05-80,43,4,559.88,07-08-23
C0148,14-03-87,36,8,72.96,29-08-23
C0149,24-01-97,26,2,712.42,17-08-23
C0150,05-09-71,52,11,295.53,26-08-23
C0151,02-08-88,35,3,419.08,29-08-23
C0152,26-09-70,53,13,875.79,14-08-23
C0153,11-12-87,36,10,932.51,30-08-23
C0154,05-06-97,26,2,140.18,26-08-23
C0155,31-01-98,25,3,31.22,02-08-23
C0156,05-06-98,25,13,356.54,06-08-23
C0157,11-10-96,27,13,939.02,20-08-23
C0158,29-09-80,43,6,435.44,24-08-23
C0159,29-01-96,27,20,972.42,05-08-23
C0160,05-12-95,28,12,656.66,17-08-23
C0161,02-04-99,24,2,230.37,31-08-23
C0162,13-11-91,32,11,499.16,01-08-23
C0163,22-09-94,29,1,631.59,08-08-23
C0164,01-05-92,31,19,729.41,12-08-23
C0165,05-05-99,24,11,160.47,09-08-23
C0166,03-07-86,37,10,67.00,23-08-23
C0167,28-01-99,24,17,841.16,28-08-23
C0168,06-11-86,37,9,57.24,28-08-23
C0169,02-06-77,46,3,725.40,21-08-23
C0170,22-12-81,42,6,986.29,11-08-23
C0171,03-03-95,28,12,871.35,23-08-23
C0172,16-04-88,35,11,906.32,27-08-23
C0173,04-09-79,44,2,449.61,02-08-23
C0174,03-06-84,39,1,286.10,20-08-23
C0175,06-04-91,32,13,921.63,31-08-23
C0176,18-02-98,25,15,814.35,25-08-23
C0177,03-01-80,43,20,554.17,16-08-23
C0178,01-04-71,52,5,33.45,03-08-23
C0179,11-10-86,37,10,917.37,25-08-23
C0180,05-07-93,30,19,895.64,27-08-23
C0181,13-03-82,41,6,320.73,26-08-23
C0182,16-06-77,46,11,785.90,16-08-23
C0183,30-01-77,46,18,560.69,04-08-23
C0184,20-10-98,25,16,423.58,23-08-23
C0185,25-12-93,30,8,209.14,15-08-23
C0186,28-07-87,36,6,738.61,17-08-23
C0187,05-09-77,46,19,874.95,18-08-23
C0188,13-10-88,35,13,487.39,02-08-23
C0189,30-08-77,46,16,746.01,28-08-23
C0190,01-06-70,53,20,766.15,15-08-23
C0191,22-11-75,48,15,942.01,06-08-23
C0192,03-05-75,48,15,882.41,23-08-23
C0193,29-10-96,27,13,699.85,06-08-23
C0194,25-09-89,34,13,553.65,02-08-23
C0195,08-10-93,30,8,280.43,14-08-23
C0196,01-05-98,25,16,854.83,07-08-23
C0197,22-10-95,28,10,774.89,22-08-23
C0198,16-02-84,39,6,1.05,28-08-23
C0199,02-09-76,47,15,674.24,15-08-23
C0200,20-08-98,25,11,593.31,14-08-23
C0201,23-03-72,51,7,966.08,03-08-23
C0202,07-01-72,51,18,129.49,08-08-23
C0203,30-10-70,53,14,457.96,07-08-23
C0204,10-03-94,29,12,468.12,16-08-23
C0205,16-02-70,53,19,805.14,10-08-23
C0206,10-12-72,51,9,430.05,31-08-23
C0207,24-12-89,34,2,148.34,09-08-23
C0208,28-01-89,34,4,553.57,07-08-23
C0209,13-10-97,26,18,270.22,02-08-23
C0210,04-08-72,51,8,687.28,12-08-23
C0211,05-04-98,25,20,59.70,04-08-23
C0212,06-11-79,44,20,666.61,15-08-23
C0213,10-03-82,41,1,954.22,01-08-23
C0214,30-01-82,41,8,526.43,01-08-23
C0215,31-05-80,43,9,533.13,20-08-23
C0216,29-03-95,28,1,907.82,21-08-23
C0217,13-09-75,48,11,115.12,26-08-23
C0218,04-02-81,42,9,446.09,26-08-23
C0219,21-01-80,43,2,703.75,22-08-23
C0220,24-05-93,30,2,121.48,20-08-23
C0221,16-08-85,38,16,684.12,03-08-23
C0222,25-02-98,25,15,601.55,14-08-23
C0223,05-05-89,34,2,278.80,05-08-23
C0224,11-10-95,28,12,113.08,07-08-23
C0225,09-05-99,24,13,604.27,31-08-23
C0226,17-01-00,23,20,573.34,24-08-23
C0227,28-11-92,31,17,822.01,07-08-23
C0228,14-05-98,25,20,600.14,19-08-23
C0229,23-04-90,33,18,518.93,27-08-23
C0230,06-11-82,41,5,343.63,18-08-23
C0231,28-01-71,52,8,236.36,30-08-23
C0232,20-10-92,31,2,696.60,01-08-23
C0233,11-03-84,39,11,337.63,19-08-23
C0234,13-04-78,45,3,523.29,11-08-23
C0235,21-02-89,34,4,784.27,01-08-23
C0236,07-11-98,25,14,930.81,21-08-23
C0237,03-04-99,24,6,899.65,29-08-23
C0238,19-03-88,35,18,977.28,31-08-23
C0239,17-05-82,41,11,378.88,17-08-23
C0240,12-11-94,29,2,658.05,23-08-23
C0241,11-03-95,28,5,436.01,18-08-23
C0242,20-07-80,43,4,694.37,29-08-23
C0243,28-04-84,39,14,917.63,29-08-23
C0244,15-08-76,47,8,934.42,14-08-23
C0245,11-11-85,38,11,377.64,18-08-23
C0246,06-12-88,35,13,864.51,20-08-23
C0247,18-06-91,32,13,585.51,12-08-23
C0248,08-04-73,50,13,708.56,18-08-23
C0249,21-09-92,31,20,791.57,19-08-23
C0250,16-04-85,38,7,240.25,08-08-23
C0251,05-06-75,48,18,462.11,29-08-23
C0252,15-08-77,46,10,747.11,10-08-23
C0253,12-04-91,32,6,325.51,08-08-23
C0254,24-01-86,37,10,673.16,14-08-23
C0255,12-11-72,51,12,434.47,22-08-23
C0256,03-10-87,36,2,51.36,07-08-23
C0257,24-09-88,35,4,589.68,17-08-23
C0258,26-09-89,34,9,805.77,21-08-23
C0259,26-06-70,53,3,178.67,30-08-23
C0260,28-11-89,34,5,267.52,31-08-23
C0261,20-05-80,43,14,821.62,22-08-23
C0262,18-12-72,51,6,121.89,11-08-23
C0263,09-03-78,45,18,668.70,30-08-23
C0264,05-01-98,25,14,324.32,23-08-23
C0265,12-01-73,50,19,91.83,08-08-23
C0266,29-12-82,41,2,561.14,09-08-23
C0267,30-03-83,40,12,301.15,31-08-23
C0268,28-09-93,30,14,232.81,09-08-23
C0269,30-01-85,38,6,791.31,13-08-23
C0270,17-08-95,28,20,36.43,02-08-23
C0271,03-11-95,28,6,879.09,14-08-23
C0272,22-04-99,24,9,798.73,13-08-23
C0273,19-02-81,42,4,80.83,01-08-23
C0274,27-04-72,51,14,628.09,27-08-23
C0275,01-09-98,25,10,381.44,02-08-23
C0276,16-10-96,27,10,8.63,28-08-23
C0277,08-10-80,43,10,317.75,06-08-23
C0278,06-02-75,48,5,763.02,30-08-23
C0279,11-03-94,29,15,833.23,21-08-23
C0280,14-06-97,26,16,109.17,15-08-23
C0281,02-12-87,36,13,912.23,22-08-23
C0282,06-04-81,42,18,412.93,11-08-23
C0283,20-04-70,53,20,31.38,15-08-23
C0284,11-06-91,32,9,555.49,31-08-23
C0285,09-08-87,36,2,497.18,05-08-23
C0286,16-08-81,42,3,640.04,12-08-23
C0287,23-06-83,40,5,178.65,27-08-23
C0288,07-01-95,28,7,287.37,10-08-23
C0289,10-12-72,51,7,47.69,05-08-23
C0290,05-08-70,53,3,735.11,30-08-23
C0291,29-09-72,51,14,79.02,14-08-23
C0292,14-05-85,38,10,832.29,15-08-23
C0293,07-10-97,26,18,801.29,02-08-23
C0294,31-12-86,37,20,236.90,24-08-23
C0295,25-02-91,32,20,724.90,25-08-23
C0296,13-07-73,50,9,4.53,15-08-23
C0297,07-04-98,25,8,989.25,16-08-23
C0298,01-09-80,43,14,693.09,19-08-23
C0299,22-02-98,25,7,733.65,27-08-23
C0300,04-10-80,43,15,121.47,26-08-23
C0301,29-12-79,44,18,1.64,16-08-23
C0302,23-06-78,45,17,391.32,18-08-23
C0303,09-12-99,24,13,84.88,23-08-23
C0304,20-05-92,31,12,941.32,13-08-23
C0305,13-03-70,53,14,660.84,11-08-23
C0306,12-03-95,28,13,862.91,18-08-23
C0307,31-07-97,26,3,507.22,13-08-23
C0308,14-04-96,27,5,418.87,22-08-23
C0309,21-03-78,45,5,394.44,14-08-23
C0310,07-05-93,30,9,68.08,20-08-23
C0311,18-09-77,46,2,772.14,06-08-23
C0312,05-01-77,46,14,658.79,29-08-23
C0313,29-10-90,33,12,40.55,01-08-23
C0314,05-07-86,37,5,741.01,05-08-23
C0315,29-11-74,49,1,127.21,18-08-23
C0316,27-05-89,34,3,398.90,07-08-23
C0317,16-07-99,24,12,610.73,05-08-23
C0318,19-06-86,37,9,15.72,16-08-23
C0319,07-04-73,50,2,872.88,26-08-23
C0320,19-02-77,46,5,210.50,16-08-23
C0321,23-05-75,48,9,607.42,01-08-23
C0322,15-04-85,38,18,523.72,20-08-23
C0323,31-12-83,40,8,126.00,22-08-23
C0324,14-03-85,38,16,141.13,19-08-23
C0325,08-11-77,46,7,255.73,28-08-23
C0326,13-09-79,44,16,577.19,09-08-23
C0327,04-11-88,35,14,223.53,10-08-23
C0328,21-12-87,36,5,433.34,16-08-23
C0329,09-11-98,25,7,723.46,14-08-23
C0330,04-10-80,43,10,939.61,16-08-23
C0331,06-12-88,35,1,439.50,20-08-23
C0332,13-12-98,25,7,106.59,28-08-23
C0333,14-10-82,41,12,494.47,02-08-23
C0334,06-05-78,45,10,988.14,04-08-23
C0335,17-04-70,53,13,791.68,30-08-23
C0336,27-09-94,29,18,736.78,14-08-23
C0337,17-08-77,46,17,283.74,25-08-23
C0338,28-01-70,53,18,162.32,14-08-23
C0339,20-12-83,40,5,700.64,15-08-23
C0340,20-11-71,52,14,531.40,21-08-23
C0341,07-08-90,33,5,364.49,31-08-23
C0342,14-05-70,53,4,400.45,11-08-23
C0343,11-10-88,35,5,311.06,09-08-23
C0344,04-09-96,27,15,983.38,07-08-23
C0345,17-08-94,29,6,623.54,08-08-23
C0346,02-09-78,45,10,229.53,13-08-23
C0347,03-01-91,32,10,819.69,07-08-23
C0348,24-01-87,36,3,754.99,28-08-23
C0349,13-08-75,48,3,432.55,02-08-23
C0350,10-02-82,41,2,937.08,21-08-23
C0351,06-07-89,34,11,816.19,11-08-23
C0352,22-04-77,46,6,718.53,17-08-23
C0353,16-07-82,41,14,713.40,11-08-23
C0354,19-06-71,52,19,788.19,09-08-23
C0355,14-03-79,44,12,366.97,27-08-23
C0356,17-01-92,31,12,984.25,18-08-23
C0357,09-10-84,39,16,989.88,11-08-23
C0358,12-01-73,50,18,397.28,17-08-23
C0359,27-03-91,32,16,751.17,19-08-23
C0360,13-09-93,30,10,808.77,23-08-23
C0361,09-08-95,28,3,639.07,15-08-23
C0362,30-10-93,30,8,81.01,05-08-23
C0363,24-03-93,30,14,599.20,21-08-23
C0364,24-05-84,39,6,133.08,04-08-23
C0365,25-01-94,29,9,342.23,19-08-23
C0366,25-09-82,41,4,721.17,29-08-23
C0367,27-01-87,36,17,366.11,09-08-23
C0368,05-07-80,43,14,716.47,19-08-23
C0369,22-04-86,37,9,237.31,09-08-23
C0370,12-01-93,30,16,582.20,18-08-23
C0371,26-04-76,47,4,217.19,06-08-23
C0372,20-12-89,34,6,827.52,29-08-23
C0373,07-07-85,38,10,331.97,14-08-23
C0374,20-06-77,46,20,416.41,07-08-23
C0375,28-02-95,28,2,454.06,13-08-23
C0376,10-01-86,37,10,100.09,24-08-23
C0377,18-01-91,32,7,877.72,17-08-23
C0378,02-07-80,43,13,975.93,11-08-23
C0379,30-12-99,24,15,342.52,04-08-23
C0380,04-05-83,40,4,846.27,18-08-23
C0381,30-12-95,28,1,463.02,20-08-23
C0382,30-04-92,31,20,969.18,16-08-23
C0383,09-12-95,28,2,914.81,02-08-23
C0384,18-04-93,30,1,318.87,23-08-23
C0385,12-02-75,48,12,81.37,05-08-23
C0386,07-04-95,28,12,365.30,08-08-23
C0387,04-10-89,34,16,298.01,20-08-23
C0388,23-01-85,38,18,11.14,08-08-23
C0389,07-01-94,29,5,307.85,02-08-23
C0390,03-12-82,41,5,892.16,26-08-23
C0391,07-09-93,30,15,628.60,18-08-23
C0392,12-06-73,50,17,683.90,16-08-23
C0393,08-03-83,40,17,309.03,20-08-23
C0394,04-07-99,24,9,531.92,28-08-23
C0395,08-04-79,44,12,149.46,30-08-23
C0396,14-01-98,25,19,453.11,07-08-23
C0397,27-02-72,51,16,510.96,04-08-23
C0398,17-12-88,35,14,607.90,25-08-23
C0399,20-02-91,32,11,461.63,21-08-23
C0400,14-12-75,48,6,103.18,23-08-23
C0401,20-05-98,25,3,804.26,25-08-23
C0402,28-01-74,49,7,957.77,08-08-23
C0403,22-12-90,33,9,74.60,20-08-23
C0404,26-02-80,43,9,530.31,24-08-23
C0405,29-08-82,41,17,867.49,24-08-23
C0406,22-03-88,35,18,419.21,26-08-23
C0407,30-09-75,48,6,114.97,18-08-23
C0408,24-06-92,31,9,258.13,08-08-23
C0409,02-10-71,52,18,139.69,27-08-23
C0410,23-04-83,40,14,109.17,31-08-23
C0411,05-01-83,40,19,588.63,10-08-23
C0412,28-07-95,28,18,384.86,26-08-23
C0413,01-07-71,52,9,162.15,07-08-23
C0414,12-11-72,51,9,126.36,24-08-23
C0415,28-09-92,31,3,87.07,19-08-23
C0416,02-09-74,49,11,581.54,17-08-23
C0417,04-08-86,37,5,566.41,21-08-23
C0418,09-07-73,50,3,876.29,19-08-23
C0419,18-09-90,33,5,444.76,13-08-23
C0420,28-12-98,25,9,857.94,16-08-23
C0421,13-11-95,28,13,755.46,30-08-23
C0422,02-01-81,42,13,630.37,18-08-23
C0423,06-07-79,44,12,123.08,09-08-23
C0424,29-04-91,32,13,946.63,25-08-23
C0425,05-11-71,52,19,521.67,01-08-23
C0426,02-09-77,46,6,739.40,22-08-23
C0427,01-05-80,43,11,165.40,17-08-23
C0428,14-12-98,25,19,82.43,30-08-23
C0429,09-04-82,41,5,702.61,22-08-23
C0430,26-11-83,40,17,272.06,29-08-23
C0431,18-03-80,43,5,275.31,02-08-23
C0432,25-07-98,25,15,633.08,15-08-23
C0433,21-04-88,35,6,163.68,23-08-23
C0434,03-08-86,37,15,891.80,26-08-23
C0435,19-05-84,39,13,453.14,20-08-23
C0436,02-02-98,25,13,383.64,20-08-23
C0437,30-06-89,34,6,916.94,05-08-23
C0438,16-01-71,52,13,922.36,25-08-23
C0439,26-10-97,26,7,613.79,25-08-23
C0440,20-07-86,37,4,847.64,24-08-23
C0441,08-01-87,36,15,107.12,11-08-23
C0442,04-05-95,28,2,255.82,07-08-23
C0443,06-12-75,48,3,66.48,14-08-23
C0444,03-11-75,48,16,79.48,20-08-23
C0445,09-03-90,33,18,607.92,22-08-23
C0446,14-07-84,39,14,538.28,21-08-23
C0447,24-06-70,53,7,68.38,27-08-23
C0448,30-03-82,41,15,604.08,05-08-23
C0449,28-08-93,30,1,32.43,06-08-23
C0450,28-08-85,38,20,849.96,29-08-23
C0451,18-05-75,48,5,979.00,16-08-23
C0452,10-01-82,41,4,824.89,18-08-23
C0453,16-06-82,41,10,747.53,27-08-23
C0454,07-04-77,46,3,305.76,30-08-23
C0455,23-05-98,25,11,33.75,10-08-23
C0456,04-10-88,35,19,832.58,05-08-23
C0457,05-04-81,42,11,943.04,22-08-23
C0458,26-05-98,25,14,572.48,08-08-23
C0459,15-02-75,48,10,902.02,08-08-23
C0460,23-12-78,45,16,867.40,11-08-23
C0461,01-07-74,49,20,690.12,10-08-23
C0462,02-07-76,47,14,581.03,11-08-23
C0463,16-05-79,44,2,926.28,10-08-23
C0464,17-08-72,51,19,1.72,22-08-23
C0465,26-03-87,36,7,657.15,04-08-23
C0466,08-03-78,45,5,181.54,06-08-23
C0467,01-11-93,30,8,445.06,15-08-23
C0468,14-02-83,40,9,96.68,07-08-23
C0469,08-06-89,34,14,388.26,18-08-23
C0470,29-03-98,25,11,35.09,07-08-23
C0471,19-05-98,25,8,345.37,11-08-23
C0472,27-08-76,47,1,369.80,13-08-23
C0473,05-02-84,39,15,984.24,18-08-23
C0474,02-07-83,40,11,707.60,02-08-23
C0475,01-01-75,48,18,279.81,31-08-23
C0476,29-10-96,27,20,194.53,22-08-23
C0477,28-12-82,41,9,359.32,25-08-23
C0478,13-12-77,46,12,56.89,19-08-23
C0479,31-01-87,36,5,972.24,20-08-23
C0480,30-04-98,25,16,865.98,01-08-23
C0481,27-12-92,31,10,757.12,05-08-23
C0482,28-04-92,31,17,376.08,17-08-23
C0483,10-06-71,52,11,151.04,07-08-23
C0484,31-12-70,53,17,859.17,15-08-23
C0485,02-05-00,23,19,844.31,27-08-23
C0486,02-08-79,44,5,435.68,18-08-23
C0487,13-04-91,32,15,576.65,15-08-23
C0488,05-11-82,41,9,633.88,28-08-23
C0489,21-10-99,24,3,204.02,04-08-23
C0490,30-01-91,32,2,530.33,17-08-23
C0491,17-02-91,32,4,82.08,05-08-23
C0492,11-12-73,50,12,533.50,23-08-23
C0493,08-07-87,36,20,383.00,22-08-23
C0494,14-06-70,53,12,395.01,29-08-23
C0495,10-06-86,37,20,357.53,26-08-23
C0496,29-05-96,27,3,501.65,08-08-23
C0497,11-05-72,51,2,657.37,05-08-23
C0498,02-05-85,38,13,701.40,29-08-23
C0499,09-11-99,24,14,830.20,06-08-23
C0500,23-06-84,39,6,602.47,26-08-23
C0501,26-09-91,32,7,662.12,19-08-23
C0502,07-11-98,25,16,102.12,19-08-23
C0503,19-02-99,24,20,11.50,15-08-23
C0504,08-09-70,53,11,5.69,12-08-23
C0505,13-11-71,52,6,813.35,29-08-23
C0506,31-01-86,37,15,163.15,06-08-23
C0507,09-03-89,34,13,200.20,17-08-23
C0508,28-01-71,52,18,67.90,12-08-23
C0509,01-12-92,31,11,385.15,05-08-23
C0510,19-03-81,42,10,618.78,07-08-23
C0511,30-08-79,44,15,201.54,27-08-23
C0512,14-10-81,42,10,844.72,12-08-23
C0513,02-05-73,50,8,433.86,12-08-23
C0514,05-04-95,28,19,682.24,17-08-23
C0515,03-10-97,26,2,872.83,02-08-23
C0516,25-04-84,39,8,856.19,21-08-23
C0517,11-02-93,30,6,45.66,30-08-23
C0518,04-10-89,34,3,231.60,07-08-23
C0519,13-04-93,30,2,220.23,05-08-23
C0520,19-11-80,43,2,553.53,08-08-23
C0521,05-04-76,47,9,331.13,28-08-23
C0522,10-11-75,48,12,104.36,11-08-23
C0523,16-06-76,47,7,96.65,23-08-23
C0524,02-10-87,36,16,88.92,20-08-23
C0525,17-07-79,44,11,508.50,21-08-23
C0526,09-08-98,25,9,603.55,01-08-23
C0527,22-03-00,23,17,877.29,28-08-23
C0528,26-03-91,32,6,135.39,27-08-23
C0529,13-10-82,41,15,656.58,11-08-23
C0530,28-11-98,25,19,230.17,02-08-23
C0531,18-07-82,41,1,683.86,08-08-23
C0532,06-10-91,32,4,597.41,24-08-23
C0533,05-05-98,25,9,364.22,07-08-23
C0534,25-08-77,46,1,761.97,31-08-23
C0535,14-02-83,40,1,367.20,12-08-23
C0536,19-03-76,47,14,216.21,26-08-23
C0537,25-12-79,44,6,560.19,19-08-23
C0538,21-04-84,39,15,44.62,19-08-23
C0539,08-10-74,49,10,422.54,05-08-23
C0540,20-03-00,23,18,896.68,26-08-23
C0541,12-02-87,36,17,209.98,30-08-23
C0542,22-03-87,36,6,662.72,23-08-23
C0543,08-03-93,30,19,326.40,11-08-23
C0544,22-10-83,40,8,875.75,08-08-23
C0545,15-01-94,29,2,592.25,20-08-23
C0546,24-02-71,52,5,498.48,03-08-23
C0547,17-01-92,31,17,494.32,10-08-23
C0548,26-06-78,45,10,731.79,27-08-23
C0549,13-09-94,29,13,760.18,23-08-23
C0550,02-01-70,53,6,701.53,22-08-23
C0551,05-03-74,49,12,146.79,29-08-23
C0552,02-03-88,35,19,836.70,10-08-23
C0553,25-01-93,30,20,70.89,22-08-23
C0554,24-10-73,50,8,247.99,17-08-23
C0555,14-01-80,43,3,296.74,04-08-23
C0556,14-02-90,33,18,237.68,09-08-23
C0557,18-04-92,31,2,566.05,14-08-23
C0558,22-10-82,41,13,387.84,22-08-23
C0559,24-11-92,31,2,785.00,09-08-23
C0560,22-05-92,31,3,604.14,14-08-23
C0561,02-06-88,35,10,760.75,04-08-23
C0562,16-10-83,40,17,69.46,31-08-23
C0563,18-01-93,30,13,339.28,03-08-23
C0564,27-07-85,38,16,687.33,31-08-23
C0565,07-06-91,32,7,974.84,26-08-23
C0566,19-05-85,38,2,172.95,04-08-23
C0567,30-05-73,50,18,370.60,01-08-23
C0568,05-07-70,53,2,964.55,16-08-23
C0569,24-02-82,41,7,573.75,16-08-23
C0570,05-01-75,48,9,537.19,19-08-23
C0571,23-07-91,32,7,636.95,13-08-23
C0572,19-04-75,48,14,17.79,03-08-23
C0573,10-12-79,44,15,420.80,18-08-23
C0574,15-01-85,38,1,899.48,22-08-23
C0575,08-01-88,35,18,2.95,13-08-23
C0576,12-10-99,24,17,418.70,12-08-23
C0577,04-12-97,26,13,172.09,19-08-23
C0578,24-05-75,48,10,848.97,30-08-23
C0579,06-11-88,35,8,751.26,06-08-23
C0580,18-09-80,43,7,405.80,15-08-23
C0581,05-10-91,32,7,18.16,16-08-23
C0582,21-09-81,42,11,931.62,22-08-23
C0583,24-10-92,31,9,51.49,10-08-23
C0584,22-09-98,25,8,692.72,05-08-23
C0585,24-06-87,36,9,448.42,11-08-23
C0586,16-02-98,25,17,15.34,02-08-23
C0587,21-04-71,52,11,830.09,18-08-23
C0588,03-05-99,24,13,82.98,20-08-23
C0589,24-10-94,29,14,978.94,03-08-23
C0590,13-05-86,37,17,856.38,14-08-23
C0591,15-09-89,34,14,223.43,06-08-23
C0592,21-04-90,33,11,980.19,31-08-23
C0593,17-05-81,42,10,295.65,21-08-23
C0594,29-08-79,44,5,304.66,19-08-23
C0595,27-01-74,49,19,595.84,05-08-23
C0596,02-08-86,37,20,488.69,03-08-23
C0597,01-12-90,33,2,667.34,02-08-23
C0598,18-07-98,25,15,672.05,23-08-23
C0599,14-04-92,31,18,825.39,08-08-23
C0600,07-09-72,51,13,521.20,11-08-23
C0601,19-04-90,33,5,280.44,17-08-23
C0602,18-09-99,24,8,365.82,23-08-23
C0603,07-01-77,46,10,17.12,05-08-23
C0604,15-04-89,34,10,296.57,27-08-23
C0605,21-04-90,33,16,426.67,21-08-23
C0606,29-10-91,32,18,314.81,08-08-23
C0607,30-08-80,43,3,492.35,17-08-23
C0608,09-10-73,50,20,120.35,19-08-23
C0609,22-01-92,31,3,247.05,09-08-23
C0610,19-08-80,43,5,542.73,01-08-23
C0611,30-03-78,45,13,829.67,21-08-23
C0612,04-01-88,35,18,848.58,19-08-23
C0613,01-07-76,47,17,769.38,17-08-23
C0614,10-06-80,43,15,738.45,10-08-23
C0615,21-06-76,47,14,554.40,20-08-23
C0616,27-11-98,25,3,26.97,02-08-23
C0617,29-10-94,29,2,210.15,18-08-23
C0618,31-10-86,37,1,57.50,02-08-23
C0619,09-12-70,53,7,863.19,16-08-23
C0620,23-11-73,50,12,209.08,20-08-23
C0621,05-04-84,39,19,239.89,13-08-23
C0622,20-09-89,34,14,649.28,17-08-23
C0623,05-06-98,25,5,788.68,04-08-23
C0624,04-12-88,35,13,278.37,19-08-23
C0625,01-05-90,33,6,231.33,22-08-23
C0626,13-12-95,28,2,344.78,03-08-23
C0627,02-07-87,36,19,923.78,29-08-23
C0628,24-12-78,45,6,440.36,17-08-23
C0629,10-06-99,24,19,728.76,28-08-23
C0630,26-07-73,50,2,587.62,13-08-23
C0631,30-08-93,30,5,640.68,29-08-23
C0632,08-12-70,53,6,178.62,12-08-23
C0633,07-08-88,35,7,148.33,05-08-23
C0634,14-04-74,49,14,146.11,06-08-23
C0635,17-03-72,51,6,6.46,04-08-23
C0636,21-10-98,25,10,374.38,22-08-23
C0637,25-08-84,39,15,833.01,18-08-23
C0638,13-01-74,49,20,673.77,22-08-23
C0639,30-11-79,44,18,605.76,01-08-23
C0640,22-12-72,51,16,372.72,31-08-23
C0641,08-03-82,41,11,931.40,02-08-23
C0642,20-06-75,48,4,263.97,10-08-23
C0643,07-09-95,28,13,488.22,06-08-23
C0644,12-04-80,43,2,190.76,26-08-23
C0645,17-07-95,28,10,966.14,04-08-23
C0646,25-11-95,28,7,376.00,13-08-23
C0647,05-05-87,36,7,339.48,25-08-23
C0648,30-03-80,43,11,827.96,23-08-23
C0649,29-04-97,26,16,258.81,30-08-23
C0650,10-08-83,40,12,28.80,08-08-23
C0651,26-12-85,38,2,798.47,10-08-23
C0652,26-03-75,48,6,104.53,22-08-23
C0653,18-10-90,33,4,687.55,06-08-23
C0654,31-01-88,35,13,519.80,04-08-23
C0655,03-05-93,30,14,785.64,28-08-23
C0656,24-05-93,30,13,441.24,02-08-23
C0657,30-09-81,42,1,56.27,13-08-23
C0658,04-04-87,36,15,380.70,31-08-23
C0659,28-07-84,39,14,446.09,11-08-23
C0660,04-03-96,27,12,287.18,06-08-23
C0661,02-07-84,39,15,727.97,08-08-23
C0662,02-06-82,41,6,246.07,23-08-23
C0663,12-07-92,31,11,610.57,08-08-23
C0664,08-03-73,50,15,601.57,03-08-23
C0665,13-03-93,30,17,793.84,11-08-23
C0666,03-05-77,46,13,586.21,10-08-23
C0667,29-05-83,40,7,899.83,22-08-23
C0668,23-02-75,48,12,380.17,05-08-23
C0669,11-11-83,40,12,8.99,08-08-23
C0670,01-05-74,49,20,598.12,13-08-23
C0671,05-11-71,52,8,814.92,14-08-23
C0672,14-06-76,47,8,190.36,06-08-23
C0673,13-08-76,47,18,495.22,12-08-23
C0674,02-01-77,46,9,792.57,29-08-23
C0675,27-03-98,25,3,279.17,14-08-23
C0676,28-11-76,47,9,70.86,14-08-23
C0677,31-07-86,37,19,927.37,24-08-23
C0678,18-08-93,30,11,473.64,28-08-23
C0679,05-12-74,49,6,421.28,21-08-23
C0680,03-02-98,25,8,733.10,07-08-23
C0681,17-05-70,53,7,675.63,22-08-23
C0682,04-07-83,40,5,795.39,14-08-23
C0683,14-06-88,35,16,743.16,22-08-23
C0684,31-12-77,46,6,703.02,09-08-23
C0685,03-12-84,39,17,27.28,25-08-23
C0686,29-04-72,51,1,17.07,26-08-23
C0687,23-12-84,39,8,114.73,06-08-23
C0688,13-04-70,53,17,356.23,23-08-23
C0689,13-03-77,46,15,429.18,21-08-23
C0690,03-04-84,39,16,710.15,01-08-23
C0691,29-05-83,40,13,232.63,01-08-23
C0692,30-12-93,30,15,694.79,09-08-23
C0693,19-12-80,43,5,93.69,15-08-23
C0694,17-02-91,32,9,351.46,29-08-23
C0695,15-09-73,50,13,392.73,10-08-23
C0696,13-03-77,46,10,681.61,22-08-23
C0697,16-01-94,29,14,921.49,08-08-23
C0698,19-12-71,52,14,825.97,09-08-23
C0699,11-02-89,34,7,696.77,24-08-23
C0700,03-11-79,44,18,225.12,10-08-23
C0701,19-08-76,47,3,586.35,20-08-23
C0702,18-12-84,39,9,68.20,26-08-23
C0703,01-09-92,31,1,357.32,08-08-23
C0704,01-03-73,50,14,256.72,04-08-23
C0705,31-05-75,48,3,808.86,18-08-23
C0706,15-09-78,45,7,493.30,12-08-23
C0707,07-02-81,42,19,912.42,21-08-23
C0708,09-01-89,34,17,597.09,23-08-23
C0709,14-11-77,46,5,993.91,24-08-23
C0710,15-09-70,53,13,352.68,17-08-23
C0711,01-02-99,24,20,423.66,25-08-23
C0712,21-07-96,27,3,501.36,22-08-23
C0713,08-10-98,25,20,106.64,19-08-23
C0714,21-02-71,52,18,23.00,13-08-23
C0715,25-04-76,47,7,438.61,22-08-23
C0716,10-03-79,44,20,560.97,18-08-23
C0717,11-11-97,26,15,936.80,29-08-23
C0718,23-10-82,41,1,480.73,17-08-23
C0719,22-07-93,30,19,948.77,24-08-23
C0720,11-08-86,37,14,902.64,09-08-23
C0721,26-04-81,42,8,453.24,23-08-23
C0722,20-05-79,44,11,847.47,11-08-23
C0723,07-09-99,24,8,458.91,23-08-23
C0724,20-09-81,42,20,50.13,06-08-23
C0725,13-07-94,29,15,182.47,05-08-23
C0726,06-05-87,36,14,756.26,08-08-23
C0727,05-04-90,33,13,877.36,24-08-23
C0728,23-08-87,36,12,170.59,29-08-23
C0729,24-03-78,45,10,192.76,07-08-23
C0730,16-08-98,25,9,27.43,01-08-23
C0731,24-04-97,26,5,678.93,17-08-23
C0732,04-02-96,27,19,0.72,23-08-23
C0733,03-08-80,43,1,17.06,24-08-23
C0734,19-04-99,24,8,838.90,19-08-23
C0735,04-03-73,50,8,42.86,24-08-23
C0736,06-04-79,44,1,796.53,25-08-23
C0737,02-11-96,27,17,19.37,10-08-23
C0738,01-04-98,25,3,176.38,21-08-23
C0739,22-02-87,36,14,882.53,29-08-23
C0740,23-05-93,30,12,373.18,18-08-23
C0741,25-04-74,49,9,723.12,04-08-23
C0742,24-02-00,23,19,62.89,21-08-23
C0743,01-10-95,28,12,775.67,15-08-23
C0744,05-10-95,28,20,145.03,20-08-23
C0745,16-01-92,31,8,612.47,11-08-23
C0746,19-06-70,53,2,177.68,07-08-23
C0747,17-02-90,33,4,315.62,22-08-23
C0748,29-09-74,49,12,704.14,06-08-23
C0749,26-06-91,32,15,670.65,21-08-23
C0750,03-08-72,51,4,319.39,16-08-23
C0751,12-05-98,25,16,47.63,01-08-23
C0752,28-03-84,39,3,894.25,23-08-23
C0753,09-06-98,25,6,459.93,27-08-23
C0754,29-09-93,30,8,568.44,04-08-23
C0755,17-05-76,47,7,496.20,05-08-23
C0756,27-05-89,34,2,726.24,10-08-23
C0757,28-07-88,35,14,418.12,07-08-23
C0758,04-01-00,23,9,2.96,28-08-23
C0759,20-10-77,46,10,169.07,21-08-23
C0760,07-07-97,26,16,807.38,23-08-23
C0761,07-09-84,39,2,788.52,04-08-23
C0762,13-02-86,37,4,873.02,29-08-23
C0763,26-09-82,41,17,444.92,30-08-23
C0764,14-04-81,42,6,332.59,16-08-23
C0765,19-02-81,42,7,721.03,26-08-23
C0766,06-01-94,29,14,63.05,07-08-23
C0767,07-01-74,49,6,465.41,26-08-23
C0768,01-05-81,42,3,624.55,30-08-23
C0769,11-06-86,37,16,728.83,25-08-23
C0770,11-10-86,37,4,517.65,11-08-23
C0771,01-02-84,39,4,585.50,30-08-23
C0772,30-01-88,35,18,554.60,03-08-23
C0773,22-12-79,44,11,230.26,30-08-23
C0774,04-01-73,50,3,362.23,17-08-23
C0775,18-08-87,36,8,147.32,25-08-23
C0776,14-09-88,35,6,20.62,12-08-23
C0777,30-03-98,25,6,693.45,21-08-23
C0778,13-01-95,28,16,152.26,25-08-23
C0779,01-07-87,36,5,700.54,23-08-23
C0780,15-04-99,24,1,171.54,12-08-23
C0781,18-08-96,27,11,360.22,24-08-23
C0782,27-05-99,24,15,477.99,10-08-23
C0783,22-01-84,39,6,288.98,06-08-23
C0784,23-12-83,40,12,503.22,11-08-23
C0785,22-04-79,44,2,11.55,19-08-23
C0786,08-06-90,33,15,238.46,06-08-23
C0787,31-03-81,42,2,878.41,01-08-23
C0788,17-12-94,29,5,224.59,16-08-23
C0789,24-02-84,39,20,8.30,28-08-23
C0790,06-07-80,43,19,472.66,08-08-23
C0791,16-12-92,31,5,531.13,25-08-23
C0792,18-04-73,50,18,36.26,29-08-23
C0793,09-08-86,37,14,13.78,24-08-23
C0794,15-05-72,51,18,16.40,01-08-23
C0795,29-05-78,45,20,388.57,30-08-23
C0796,28-09-78,45,8,149.72,22-08-23
C0797,22-07-94,29,2,111.33,29-08-23
C0798,06-01-87,36,8,674.82,04-08-23
C0799,03-05-94,29,15,340.35,07-08-23
C0800,20-07-79,44,18,204.25,09-08-23
C0801,25-03-87,36,18,5.47,16-08-23
C0802,23-12-99,24,3,898.10,01-08-23
C0803,04-12-83,40,18,548.17,28-08-23
C0804,12-03-81,42,19,230.47,18-08-23
C0805,17-12-88,35,6,558.22,28-08-23
C0806,11-09-88,35,13,967.99,10-08-23
C0807,01-08-90,33,19,676.79,06-08-23
C0808,14-09-85,38,11,423.55,02-08-23
C0809,21-08-72,51,1,318.93,01-08-23
C0810,26-05-84,39,20,910.33,18-08-23
C0811,28-09-80,43,8,428.02,12-08-23
C0812,11-11-95,28,18,840.80,30-08-23
C0813,10-12-86,37,13,421.94,05-08-23
C0814,19-05-98,25,10,626.72,21-08-23
C0815,13-01-81,42,16,810.98,24-08-23
C0816,16-03-90,33,13,601.93,23-08-23
C0817,02-09-91,32,19,432.09,20-08-23
C0818,20-01-93,30,1,980.29,19-08-23
C0819,24-09-79,44,7,58.29,04-08-23
C0820,01-12-90,33,8,339.11,02-08-23
C0821,01-05-96,27,14,301.73,04-08-23
C0822,22-09-80,43,17,142.71,30-08-23
C0823,20-11-76,47,4,546.68,28-08-23
C0824,02-11-77,46,7,664.24,29-08-23
C0825,11-02-72,51,8,437.68,25-08-23
C0826,26-09-80,43,15,144.89,17-08-23
C0827,17-04-94,29,4,408.43,03-08-23
C0828,27-10-92,31,9,58.66,07-08-23
C0829,19-12-85,38,5,794.23,17-08-23
C0830,11-12-88,35,14,185.71,15-08-23
C0831,11-07-81,42,19,550.20,31-08-23
C0832,23-06-78,45,12,47.77,31-08-23
C0833,13-02-83,40,9,873.43,21-08-23
C0834,30-08-78,45,6,927.55,14-08-23
C0835,19-07-98,25,16,956.17,29-08-23
C0836,28-10-95,28,18,481.99,10-08-23
C0837,29-06-90,33,6,481.76,26-08-23
C0838,11-04-80,43,14,558.08,16-08-23
C0839,29-11-75,48,7,308.31,27-08-23
C0840,19-09-77,46,15,548.72,16-08-23
C0841,07-05-91,32,12,830.31,01-08-23
C0842,25-11-76,47,2,791.38,17-08-23
C0843,09-08-86,37,5,990.24,28-08-23
C0844,20-11-76,47,10,61.77,29-08-23
C0845,19-02-77,46,7,782.83,12-08-23
C0846,30-01-92,31,8,141.95,20-08-23
C0847,01-07-73,50,4,194.84,16-08-23
C0848,09-04-72,51,17,214.60,01-08-23
C0849,27-01-92,31,7,760.43,02-08-23
C0850,05-12-99,24,10,127.28,13-08-23
C0851,16-09-75,48,11,396.09,26-08-23
C0852,15-10-86,37,17,769.84,24-08-23
C0853,30-10-80,43,6,453.71,11-08-23
C0854,28-09-83,40,9,508.98,22-08-23
C0855,01-05-83,40,9,908.84,25-08-23
C0856,08-07-82,41,14,248.76,10-08-23
C0857,27-01-75,48,8,93.99,28-08-23
C0858,28-08-78,45,5,172.69,23-08-23
C0859,07-07-98,25,11,755.30,09-08-23
C0860,12-07-95,28,10,257.40,07-08-23
C0861,10-01-86,37,18,613.19,04-08-23
C0862,10-04-83,40,7,575.92,05-08-23
C0863,20-06-94,29,1,591.17,24-08-23
C0864,12-07-85,38,8,37.60,13-08-23
C0865,29-08-70,53,18,481.66,27-08-23
C0866,23-11-91,32,8,188.55,15-08-23
C0867,01-09-76,47,18,21.05,31-08-23
C0868,30-12-98,25,9,576.40,18-08-23
C0869,16-11-78,45,8,100.36,17-08-23
C0870,17-01-84,39,13,619.97,26-08-23
C0871,24-07-97,26,11,968.09,01-08-23
C0872,06-07-72,51,19,126.99,23-08-23
C0873,21-04-81,42,20,204.76,08-08-23
C0874,30-12-97,26,20,919.25,29-08-23
C0875,05-09-91,32,13,366.07,15-08-23
C0876,09-02-73,50,6,777.03,25-08-23
C0877,07-06-97,26,1,686.92,01-08-23
C0878,09-01-73,50,20,559.06,31-08-23
C0879,18-10-86,37,9,614.48,25-08-23
C0880,11-09-81,42,14,422.39,28-08-23
C0881,17-08-90,33,18,393.07,30-08-23
C0882,30-12-87,36,15,881.03,26-08-23
C0883,15-09-81,42,6,344.37,03-08-23
C0884,11-06-93,30,4,833.54,28-08-23
C0885,20-04-75,48,2,311.39,15-08-23
C0886,14-03-84,39,14,471.01,10-08-23
C0887,03-03-70,53,8,97.51,30-08-23
C0888,02-01-95,28,19,130.20,11-08-23
C0889,05-01-82,41,5,625.18,31-08-23
C0890,28-09-93,30,6,969.78,09-08-23
C0891,29-01-92,31,16,210.99,21-08-23
C0892,07-08-72,51,15,175.70,05-08-23
C0893,08-05-80,43,2,196.07,14-08-23
C0894,03-06-98,25,6,759.24,16-08-23
C0895,16-07-80,43,17,231.94,03-08-23
C0896,11-09-99,24,16,307.42,15-08-23
C0897,15-03-83,40,13,893.82,24-08-23
C0898,15-04-84,39,1,613.11,21-08-23
C0899,12-02-78,45,17,472.54,04-08-23
C0900,25-09-92,31,16,233.16,28-08-23
C0901,12-12-70,53,17,200.42,28-08-23
C0902,29-04-78,45,12,207.76,19-08-23
C0903,11-02-74,49,5,421.62,29-08-23
C0904,12-08-96,27,2,566.09,19-08-23
C0905,11-04-76,47,16,308.13,14-08-23
C0906,25-11-89,34,20,531.74,03-08-23
C0907,28-05-96,27,5,86.39,02-08-23
C0908,16-01-98,25,5,329.17,12-08-23
C0909,25-02-87,36,20,515.40,04-08-23
C0910,31-08-88,35,5,935.86,15-08-23
C0911,21-11-71,52,3,732.38,22-08-23
C0912,04-05-89,34,2,481.00,15-08-23
C0913,04-06-87,36,7,818.75,23-08-23
C0914,09-05-82,41,14,980.99,07-08-23
C0915,30-01-98,25,2,466.03,06-08-23
C0916,04-01-70,53,6,830.87,24-08-23
C0917,03-03-71,52,9,768.87,10-08-23
C0918,25-02-00,23,1,665.93,03-08-23
C0919,21-08-71,52,7,872.55,26-08-23
C0920,02-05-93,30,11,522.24,03-08-23
C0921,22-09-87,36,12,471.92,17-08-23
C0922,19-08-95,28,3,597.84,03-08-23
C0923,08-06-77,46,8,951.68,08-08-23
C0924,30-06-79,44,5,420.20,28-08-23
C0925,16-10-87,36,6,120.13,11-08-23
C0926,28-06-99,24,6,718.37,06-08-23
C0927,02-10-89,34,5,416.33,19-08-23
C0928,05-06-95,28,20,607.62,18-08-23
C0929,23-11-89,34,13,985.23,07-08-23
C0930,01-03-74,49,15,146.75,27-08-23
C0931,07-03-80,43,9,225.03,09-08-23
C0932,08-09-76,47,3,565.41,29-08-23
C0933,11-09-94,29,8,905.22,07-08-23
C0934,19-10-70,53,19,485.99,11-08-23
C0935,13-01-72,51,14,267.20,11-08-23
C0936,07-06-77,46,9,655.37,11-08-23
C0937,29-07-88,35,18,967.75,21-08-23
C0938,13-07-72,51,12,513.86,06-08-23
C0939,24-04-99,24,7,483.13,28-08-23
C0940,30-01-82,41,11,855.92,15-08-23
C0941,24-03-80,43,10,340.85,28-08-23
C0942,23-03-89,34,17,620.92,13-08-23
C0943,20-04-73,50,16,933.72,23-08-23
C0944,23-10-79,44,19,335.76,14-08-23
C0945,08-01-85,38,15,519.89,01-08-23
C0946,26-07-74,49,3,26.32,19-08-23
C0947,29-01-83,40,8,196.59,19-08-23
C0948,17-10-95,28,10,355.57,05-08-23
C0949,17-04-88,35,6,291.02,05-08-23
C0950,10-11-90,33,6,657.09,14-08-23
C0951,24-12-93,30,19,515.08,08-08-23
C0952,24-02-91,32,12,7.41,24-08-23
C0953,08-11-99,24,9,833.46,22-08-23
C0954,18-07-73,50,19,234.11,06-08-23
C0955,19-02-99,24,2,698.38,27-08-23
C0956,22-03-81,42,16,5.17,27-08-23
C0957,07-01-77,46,2,743.96,13-08-23
C0958,13-03-81,42,11,929.96,18-08-23
C0959,01-01-70,53,7,426.25,07-08-23
C0960,27-03-99,24,16,621.33,15-08-23
C0961,30-05-81,42,2,815.18,13-08-23
C0962,11-04-72,51,15,944.53,03-08-23
C0963,15-06-77,46,2,639.60,27-08-23
C0964,27-10-73,50,11,186.03,11-08-23
C0965,02-10-92,31,6,267.88,04-08-23
C0966,24-11-93,30,4,216.73,20-08-23
C0967,27-03-75,48,3,43.24,30-08-23
C0968,14-07-85,38,5,897.85,17-08-23
C0969,24-04-95,28,3,559.88,03-08-23
C0970,10-03-77,46,20,888.46,14-08-23
C0971,04-04-75,48,6,192.92,25-08-23
C0972,04-07-78,45,10,517.41,31-08-23
C0973,19-05-80,43,2,99.74,16-08-23
C0974,09-11-70,53,19,174.67,04-08-23
C0975,12-08-86,37,1,995.56,02-08-23
C0976,27-09-92,31,2,375.27,20-08-23
C0977,23-05-71,52,15,210.55,20-08-23
C0978,23-09-86,37,11,647.19,01-08-23
C0979,26-11-99,24,12,368.77,24-08-23
C0980,16-09-74,49,14,621.78,09-08-23
C0981,01-09-93,30,14,180.95,16-08-23
C0982,19-08-72,51,10,270.30,21-08-23
C0983,10-05-83,40,13,44.33,02-08-23
C0984,31-01-95,28,7,141.20,15-08-23
C0985,23-09-89,34,1,291.80,02-08-23
C0986,02-11-76,47,18,794.05,12-08-23
C0987,25-03-70,53,4,353.35,27-08-23
C0988,03-04-85,38,9,932.05,17-08-23
C0989,01-02-72,51,9,729.02,02-08-23
C0990,05-08-77,46,16,796.42,01-08-23
C0991,13-01-74,49,17,76.03,15-08-23
C0992,11-11-87,36,7,136.52,21-08-23
C0993,29-03-79,44,15,993.51,11-08-23
C0994,29-08-72,51,15,780.26,25-08-23
C0995,09-10-78,45,20,787.18,26-08-23
C0996,22-05-86,37,5,477.31,12-08-23
C0997,20-01-87,36,20,308.88,25-08-23
C0998,03-09-98,25,6,266.94,21-08-23
C0999,05-12-76,47,7,11.33,02-08-23
